{
    "negative_recall": 0.754601226993865,
    "macro avg_f1-score": 0.7320284932696688
}