{
    "negative_recall": 0.6363636363636364,
    "macro_f1": 0.702958152958153
}