{
    "negative_recall": 0.8282208588957055,
    "macro_f1": 0.7354272487108612
}