{
    "negative_recall": 0.8282208588957055,
    "macro avg_f1-score": 0.7354272487108612
}