{
    "negative_recall": 0.754601226993865,
    "macro_f1": 0.7320284932696688
}